timestamp,request_count,error_rate,response_time,is_true_anomaly
2026-01-01 00:00:00,105.48490743557977,0.03306079574119871,165.32657701643552,0
2026-01-01 00:01:00,81.28028608767107,0.029296310806207405,147.31208415738078,0
2026-01-01 00:02:00,113.50812152451623,0.07276775518658392,162.13457028824521,0
2026-01-01 00:03:00,116.93016489504186,0.023839855996661566,138.32996823603415,0
2026-01-01 00:04:00,64.88136660423095,0.03605637928457218,210.91942609317067,0
2026-01-01 00:05:00,413.06905917124357,0.04065194733504291,152.81370962377878,1
2026-01-01 00:06:00,102.30112725701113,0.0011781352987106472,218.27371058756935,0
2026-01-01 00:07:00,94.30763333781552,0.08559595014094509,165.97798780804962,0
2026-01-01 00:08:00,99.6975791649228,0.016494283058512568,526.1343269909108,1
2026-01-01 00:09:00,84.64520930367556,0.07184034778974718,165.07944441951696,0
2026-01-01 00:10:00,115.82916354753091,0.06454881725132663,88.15416278745042,0
2026-01-01 00:11:00,114.00025483772107,0.02255317680964355,175.77309981640977,0
2026-01-01 00:12:00,101.18855255610188,0.007691692929733394,174.04582831044445,0
2026-01-01 00:13:00,120.2903417254246,0.006197573362867126,208.86599612917888,0
2026-01-01 00:14:00,108.41516816053682,0.03704775061074983,113.97932752058172,0
2026-01-01 00:15:00,84.53273566810171,0.02330180703592875,220.66532263022418,0
2026-01-01 00:16:00,106.63751411348498,0.007902599629122518,208.72097532491796,0
2026-01-01 00:17:00,82.74011318507802,0.028182055405634777,223.8215247294532,0
2026-01-01 00:18:00,115.81210542353091,0.009948159810576805,178.15475183985518,0
2026-01-01 00:19:00,99.10133360224745,0.017432273273988032,215.48638919359644,0
2026-01-01 00:20:00,96.6724774561853,0.04589643855268405,128.50645877825832,0
2026-01-01 00:21:00,87.74326820072906,0.005515532799039879,204.95666478215867,0
2026-01-01 00:22:00,122.00574409613255,0.01577302445141451,552.5625664432337,1
2026-01-01 00:23:00,97.21846932276156,0.028271446496742368,122.20093586519724,0
2026-01-01 00:24:00,92.29009920106407,0.07441358133815576,140.6550818642474,0
2026-01-01 00:25:00,93.66159609121186,0.04469704300843126,180.19358985202447,0
2026-01-01 00:26:00,109.58156533996028,0.012431357907553772,151.14952771238387,0
2026-01-01 00:27:00,106.57799315855341,0.02625723121144802,193.162573609353,0
2026-01-01 00:28:00,107.4291870087278,0.03706257326424831,116.71168557485939,0
2026-01-01 00:29:00,107.7547780541419,0.011161013830492337,105.55158597344484,0
2026-01-01 00:30:00,138.5496568156683,0.027329509307761832,228.03356019502516,0
2026-01-01 00:31:00,92.68452970507693,0.04290310492264176,211.6330045290502,0
2026-01-01 00:32:00,90.77963087671233,0.020400417988135196,143.27461074301675,0
2026-01-01 00:33:00,85.3520908915382,0.08366001488445476,179.89501247853113,0
2026-01-01 00:34:00,111.08762960635892,0.04899660070483105,215.68274710704634,0
2026-01-01 00:35:00,120.32150126897605,0.017006189221816858,194.6720212901712,0
2026-01-01 00:36:00,97.94894576221225,0.3641993468163087,185.18780836642173,1
2026-01-01 00:37:00,84.87718341467449,0.0748573614720584,218.3303928459409,0
2026-01-01 00:38:00,85.1593381175577,0.028437053825169315,154.42506336795728,0
2026-01-01 00:39:00,111.71067018084462,0.006334329674885632,181.09124570326202,0
2026-01-01 00:40:00,113.37857508166196,0.00594547387923622,179.3752976597663,0
2026-01-01 00:41:00,109.77677682949351,0.11890720380452019,170.45332833151352,0
2026-01-01 00:42:00,88.0208252688035,0.0027768602574461264,166.35680710027367,0
2026-01-01 00:43:00,104.17890381520095,0.004237907899862903,182.55038832399717,0
2026-01-01 00:44:00,102.1003445645331,0.04031703039420254,181.20426235949347,0
2026-01-01 00:45:00,103.93639474112223,0.06830341252828688,143.30503251129159,0
2026-01-01 00:46:00,115.68571800306742,0.045344009143032146,208.06285684651567,0
2026-01-01 00:47:00,104.02471987794428,0.06272593110584543,145.82651772818096,0
2026-01-01 00:48:00,112.2204441352941,0.14056799001168516,172.3618294408489,0
2026-01-01 00:49:00,101.21642325080005,0.011051144116808286,169.6651834547982,0
2026-01-01 00:50:00,105.20414917641972,0.03320753299166486,192.53362644307256,0
2026-01-01 00:51:00,111.36318806509372,0.012228030873800666,105.83136209239335,0
2026-01-01 00:52:00,73.771195242598,0.022781287587062448,211.18184352253104,0
2026-01-01 00:53:00,94.24591810556858,0.009523456106213454,156.30533783357424,0
2026-01-01 00:54:00,91.53329222272968,0.07077962523769035,222.6987153171969,0
2026-01-01 00:55:00,88.50019873161985,0.055705757837187654,163.2642276419346,0
2026-01-01 00:56:00,95.0474394779197,0.01672195143092845,178.29047449930962,0
2026-01-01 00:57:00,126.90894360221913,0.009171011578238563,246.98251140239483,0
2026-01-01 00:58:00,84.41503991752163,0.013016492708345576,170.2931626922216,0
2026-01-01 00:59:00,117.42901038264665,0.11480030228839457,223.35974596357107,0
2026-01-01 01:00:00,69.70834411091552,0.01907643389322536,181.3665779947596,0
2026-01-01 01:01:00,93.97206946025605,0.003823386240157887,194.53965906027213,0
2026-01-01 01:02:00,102.9295551718901,0.09190529043181479,182.4485506293981,0
2026-01-01 01:03:00,110.55200196446701,0.01743098856690217,209.67480692050435,0
2026-01-01 01:04:00,112.80207843627139,0.02000582974262519,156.0063935501432,0
2026-01-01 01:05:00,114.28025023359865,0.02151126371048171,145.55830169432852,0
2026-01-01 01:06:00,93.72294869952812,0.05054475720507387,157.64983333680425,0
2026-01-01 01:07:00,91.67766773203779,0.08744205305624443,183.4898631713432,0
2026-01-01 01:08:00,115.44356586262877,0.025747283077268375,172.27134250573846,0
2026-01-01 01:09:00,96.55652215213094,0.03889426894474204,204.85962067649118,0
2026-01-01 01:10:00,77.0376461799174,0.058689588682096366,225.6656094937532,0
2026-01-01 01:11:00,79.60083014793734,0.027921724922912942,145.8456581967747,0
2026-01-01 01:12:00,83.449858851971,0.03097608922787047,154.31179229351235,0
2026-01-01 01:13:00,108.94889339296775,0.07033167656493494,129.7316203590501,0
2026-01-01 01:14:00,102.56366324927018,0.016691632814663793,251.06305467656864,0
2026-01-01 01:15:00,112.42873637321983,0.09028752782394306,190.66343246926394,0
2026-01-01 01:16:00,92.30945236594238,0.08590299947364215,196.79308120180522,0
2026-01-01 01:17:00,102.85371443938085,0.057642443762771466,133.0927065239133,0
2026-01-01 01:18:00,111.26062709141206,0.10832503027209449,179.9590503847594,0
2026-01-01 01:19:00,94.4317622850357,0.08657601440505969,197.823679454458,0
2026-01-01 01:20:00,108.2219542760334,0.003963028211390105,171.15348083129513,0
2026-01-01 01:21:00,88.08533306080028,0.003922325877450875,217.6496968689238,0
2026-01-01 01:22:00,93.46503076182871,0.009507525104716771,260.914089397499,0
2026-01-01 01:23:00,93.12871790803008,0.10519833115498625,146.85280105171168,0
2026-01-01 01:24:00,78.47488637939729,0.02488726660280023,144.2269463908156,0
2026-01-01 01:25:00,108.76550465414047,0.013486393107613499,149.27853770649983,0
2026-01-01 01:26:00,91.55075787635097,0.015649586932575153,236.21697060057716,0
2026-01-01 01:27:00,100.22489413709837,0.048757853888934645,216.48243609603895,0
2026-01-01 01:28:00,108.65343986030636,0.052104161911477646,175.25652637722231,0
2026-01-01 01:29:00,108.03756116853899,0.022135192883290668,181.2795882540306,0
2026-01-01 01:30:00,111.97693196151015,0.06023683786978285,151.42097308311475,0
2026-01-01 01:31:00,98.22726127883037,0.07450157054207185,211.15095052101145,0
2026-01-01 01:32:00,92.38063038320523,0.08148792258167267,166.7034361562006,0
2026-01-01 01:33:00,98.56507220368482,0.04303467462875138,170.89732111907503,0
2026-01-01 01:34:00,69.62798018875546,0.1498532494251997,201.307642003524,0
2026-01-01 01:35:00,73.95197549638442,0.02754432102611504,173.42017716708725,0
2026-01-01 01:36:00,76.19140697762076,0.011461161325425948,171.77619022757537,0
2026-01-01 01:37:00,82.04955710317333,0.08768941448385538,180.37013219351763,0
2026-01-01 01:38:00,107.19593608102186,0.1193887602983842,207.83743948275767,0
2026-01-01 01:39:00,83.7013770035189,0.006372928093301528,237.62725764193416,0
2026-01-01 01:40:00,93.19307402729099,0.01796831741135939,200.49201812861287,0
2026-01-01 01:41:00,123.38610936014918,0.050798685690175725,208.11599782684934,0
2026-01-01 01:42:00,93.58724852089433,0.11632927260893457,173.00510782646066,0
2026-01-01 01:43:00,113.27528023240755,0.011300544987643532,155.2270747890949,0
2026-01-01 01:44:00,83.19488175982221,0.03455565871913849,202.88951812822904,0
2026-01-01 01:45:00,96.30212395838267,0.10390181543445628,185.99342886102,0
2026-01-01 01:46:00,82.89960301160954,0.05924137163406142,130.20799729375878,0
2026-01-01 01:47:00,93.89740463378988,0.01608467669494755,168.51756318010408,0
2026-01-01 01:48:00,115.12554647423312,0.05114705922493464,177.09860417814562,0
2026-01-01 01:49:00,68.90823238253772,0.07168642325602839,162.13397465400325,0
2026-01-01 01:50:00,107.81962558382543,0.08800428326754509,231.86074580897446,0
2026-01-01 01:51:00,104.27924084198101,0.10550749503520782,196.79436629157757,0
2026-01-01 01:52:00,89.3053007974577,0.05288418228561173,228.06112212610267,0
2026-01-01 01:53:00,73.97095862100781,0.028898353044973797,189.2198841578256,0
2026-01-01 01:54:00,101.29833113884965,0.04963497344629099,182.8485742748777,0
2026-01-01 01:55:00,90.46913123685155,0.04740509907418811,147.21907638364127,0
2026-01-01 01:56:00,104.18817180438467,0.008938794256403579,180.41753366187984,0
2026-01-01 01:57:00,100.39333861942197,0.11039089702158568,180.45688739864042,0
2026-01-01 01:58:00,128.83202004377648,0.03598587574291315,132.15101405880185,0
2026-01-01 01:59:00,95.69159870548556,0.09823440567423113,161.11653855803618,0
2026-01-01 02:00:00,81.57704513280643,0.04926620078165962,168.68510905192733,0
2026-01-01 02:01:00,103.22696142921369,0.00621035743704436,194.47178404195026,0
2026-01-01 02:02:00,103.95994031149178,0.03823830363286063,196.14725391949972,0
2026-01-01 02:03:00,124.46537635432786,0.011665697500409983,159.65385313121783,0
2026-01-01 02:04:00,115.03200242646241,0.009525768196188862,196.41043608896598,0
2026-01-01 02:05:00,106.42367906469117,0.03977348354375857,173.6272374728019,0
2026-01-01 02:06:00,126.33945204195211,0.030643134400043293,79.56329913007652,0
2026-01-01 02:07:00,78.60226502218867,0.07157356333453414,163.03542888169602,0
2026-01-01 02:08:00,88.48447241050454,0.03173942911135014,217.76460240498324,0
2026-01-01 02:09:00,83.32163305470056,0.022995934540350156,121.13679851803121,0
2026-01-01 02:10:00,92.98342354319618,0.025167172222458945,183.94419201454392,0
2026-01-01 02:11:00,75.21964934398645,0.05149569879393742,235.48414249648505,0
2026-01-01 02:12:00,111.43271704265928,0.015616074734905915,153.37854664463316,0
2026-01-01 02:13:00,95.99999145222208,0.08475945061714177,180.075217814969,0
2026-01-01 02:14:00,73.52548669895216,0.03077056886448441,134.35943099702274,0
2026-01-01 02:15:00,81.71957653826425,0.013220734042958766,236.953089958225,0
2026-01-01 02:16:00,105.64324925410351,0.01649730180025671,177.0833580551185,0
2026-01-01 02:17:00,115.08627822209885,0.015268151428967312,181.63193949779063,0
2026-01-01 02:18:00,135.94115605045215,0.027829757976901303,227.40051629269678,0
2026-01-01 02:19:00,152.44952438813192,0.01002774410923839,203.15174381259183,0
2026-01-01 02:20:00,107.45936979896794,0.04913605445475384,149.3529943626141,0
2026-01-01 02:21:00,82.18831383942644,0.026589478047047324,157.34527265694393,0
2026-01-01 02:22:00,61.623166946836434,0.006417480488099397,197.32259565831546,0
2026-01-01 02:23:00,104.81880632218905,0.04472809396389048,158.1557630727971,0
2026-01-01 02:24:00,85.36706028441414,0.7020399682761932,105.89648407578156,1
2026-01-01 02:25:00,92.52356931676566,0.07261990682230736,178.13657204763228,0
2026-01-01 02:26:00,88.98225761692345,0.00683702628799556,128.19255686063167,0
2026-01-01 02:27:00,97.46576404450506,0.04566421710164012,236.5698613747304,0
2026-01-01 02:28:00,119.18764415417758,0.008349787023544145,186.18756732171033,0
2026-01-01 02:29:00,102.8268742140162,0.004741229231128853,148.31887301397487,0
2026-01-01 02:30:00,97.1445729333036,0.04108406981144507,155.54786548681412,0
2026-01-01 02:31:00,81.35823244913539,0.02537714737207161,113.87108442441279,0
2026-01-01 02:32:00,69.85570699532158,0.06802769335714566,141.51883396268238,0
2026-01-01 02:33:00,91.24645763668005,0.01475084662359087,215.57131208892446,0
2026-01-01 02:34:00,99.03191408527023,0.06602408986948312,258.1125150922337,0
2026-01-01 02:35:00,131.8227384444379,0.08538482061332492,205.42387796196354,0
2026-01-01 02:36:00,102.34494138651195,0.013688545136397782,176.778511148264,0
2026-01-01 02:37:00,117.68931119841504,0.06377285793157077,164.8814218521129,0
2026-01-01 02:38:00,91.01267922629526,0.024825832497902416,146.52264652482734,0
2026-01-01 02:39:00,78.67101220449356,0.026933047671943648,252.09180647689092,0
2026-01-01 02:40:00,82.6278982798173,0.030074571730543165,173.3937954347469,0
2026-01-01 02:41:00,86.94593083835645,0.018139120273741136,254.04704405218763,0
2026-01-01 02:42:00,138.31245518383295,0.02450192326289631,228.77318283635213,0
2026-01-01 02:43:00,85.21503977396105,0.041251476243162145,119.07212490288043,0
2026-01-01 02:44:00,115.09280566725421,0.024505945889764767,156.6916661484248,0
2026-01-01 02:45:00,83.74731079443353,0.03773739201966867,156.58342065391622,0
2026-01-01 02:46:00,116.7683142317364,0.029359331067053514,177.20537725629913,0
2026-01-01 02:47:00,106.92911738990554,0.022460184402892016,177.88900114101864,0
2026-01-01 02:48:00,97.18051784215437,0.02010881141561053,284.868368338935,0
2026-01-01 02:49:00,99.26627452956218,0.021342856068017085,142.29702439338345,0
2026-01-01 02:50:00,88.21382148227097,0.01959785892856782,188.01394774825366,0
2026-01-01 02:51:00,108.02929962667744,0.01971853443969082,201.5777709863731,0
2026-01-01 02:52:00,91.81029735386596,0.01801470171548578,179.94497984357812,0
2026-01-01 02:53:00,77.93909625218953,0.14470293565401546,183.85632022234753,0
2026-01-01 02:54:00,76.99712366224685,0.030362285090457575,143.43168869926944,0
2026-01-01 02:55:00,103.10658251899815,0.114110609330792,183.72701681109388,0
2026-01-01 02:56:00,128.42364261538782,0.04174191106103334,197.89896486610303,0
2026-01-01 02:57:00,102.87984904432189,0.028756886394770954,191.4660204494895,0
2026-01-01 02:58:00,97.86451013002211,0.024380066206842604,199.9570316369232,0
2026-01-01 02:59:00,105.14487051284577,0.004518561143690059,229.4412765222681,0
2026-01-01 03:00:00,123.50803135072285,0.038741511726612034,212.79382896700196,0
2026-01-01 03:01:00,103.94888502454941,0.03383474844717806,182.4953114724103,0
2026-01-01 03:02:00,92.60330984499274,0.004920239539466805,138.9884576840853,0
2026-01-01 03:03:00,119.913196781078,0.026822713063103264,158.99981538511082,0
2026-01-01 03:04:00,107.71761589230904,0.11576299689876023,172.31290968289045,0
2026-01-01 03:05:00,127.64360785592785,0.013869826267610413,188.83210409695064,0
2026-01-01 03:06:00,103.29821986999431,0.07212426974864579,163.25835334752117,0
2026-01-01 03:07:00,77.959557429031,0.016756303372410304,147.2493380285477,0
2026-01-01 03:08:00,75.37313441357803,0.3654385065526763,138.41304588078822,1
2026-01-01 03:09:00,129.7167027801625,0.017469221060504588,122.20877843305641,0
2026-01-01 03:10:00,131.02598297409935,0.024892093282601897,171.7767253678901,0
2026-01-01 03:11:00,96.76865416091319,0.18766463548717047,128.56170952753934,0
2026-01-01 03:12:00,93.10262821955222,0.02653765505575955,144.98160105449128,0
2026-01-01 03:13:00,126.30599726035965,0.04053618251798661,166.21343445044943,0
2026-01-01 03:14:00,80.07317772321721,0.0919186581960307,133.2428941712998,0
2026-01-01 03:15:00,83.89491365879513,0.009231352815575857,193.2913265974544,0
2026-01-01 03:16:00,111.5798823044028,0.003732067243299747,205.90780722619905,0
2026-01-01 03:17:00,92.89710778852739,0.03397933094655425,160.77005430786105,0
2026-01-01 03:18:00,99.90780639903872,0.8082817475302286,164.70404423364994,1
2026-01-01 03:19:00,97.05802782655877,0.01970684112193561,198.8100419548677,0
2026-01-01 03:20:00,106.0763418783808,0.030718095331389163,155.01017159678622,0
2026-01-01 03:21:00,125.3346735036469,0.027894386709501715,152.60431309409466,0
2026-01-01 03:22:00,101.63052832423142,0.002007964336290084,221.87744673652017,0
2026-01-01 03:23:00,111.59089827898345,0.017852551405837285,210.94657085494754,0
2026-01-01 03:24:00,63.09690218144159,0.022504782302059042,201.05425008203719,0
2026-01-01 03:25:00,99.12306876525788,0.049280694811522835,212.39756174879324,0
2026-01-01 03:26:00,84.82185513472832,0.02611698892562761,110.7952446121423,0
2026-01-01 03:27:00,78.0613649123747,0.045420118381447216,227.38424413775874,0
2026-01-01 03:28:00,84.19325739528249,0.029764202835433396,193.722174080431,0
2026-01-01 03:29:00,93.98577806738538,0.042463127256977075,215.3773484402007,0
2026-01-01 03:30:00,116.48624576240823,0.008394071947736694,193.5506622690727,0
2026-01-01 03:31:00,76.12493108068784,0.03567997863315992,181.71236886380547,0
2026-01-01 03:32:00,100.55136686669951,0.013593435330469958,170.36417756732808,0
2026-01-01 03:33:00,91.28495019999559,0.007437672234232086,192.8500531910172,0
2026-01-01 03:34:00,94.1018843014847,0.069504600726035,169.08882318834068,0
2026-01-01 03:35:00,118.04964085548288,0.054115117978109785,210.37566350227894,0
2026-01-01 03:36:00,109.68607786607066,0.02291433343106909,124.47401744067298,0
2026-01-01 03:37:00,124.07316593396939,0.002073963859077827,161.0448448372003,0
2026-01-01 03:38:00,97.2188977735018,0.0032875660153352604,251.56881369668264,0
2026-01-01 03:39:00,87.47303298992735,0.03408855913110958,158.08718377496626,0
2026-01-01 03:40:00,95.97054129615101,0.8519849949079249,171.64606969277827,1
2026-01-01 03:41:00,104.364942242882,0.021225432108830038,149.10966733274734,0
2026-01-01 03:42:00,103.1783204521668,0.016938808005395826,191.75459855100382,0
2026-01-01 03:43:00,80.4810146997994,0.008337792090821522,154.23072884502318,0
2026-01-01 03:44:00,101.62881606930173,0.035211323293750235,173.50361728175324,0
2026-01-01 03:45:00,104.10810994250029,0.034512699100693815,209.71032876122746,0
2026-01-01 03:46:00,145.31453267561056,0.08228070984256905,155.54328034148145,0
2026-01-01 03:47:00,133.78320300307007,0.09055356639791007,207.60138917428273,0
2026-01-01 03:48:00,84.64161968994124,0.05999440470214623,208.7780260446125,0
2026-01-01 03:49:00,94.82709949211483,0.010048874401832423,216.9234633151753,0
2026-01-01 03:50:00,73.65804396693395,0.062331074420927356,184.9189348221314,0
2026-01-01 03:51:00,89.36727374865724,0.06631333847709528,293.4440676941875,0
2026-01-01 03:52:00,105.68089006462613,0.010105590595259657,216.90867937897286,0
2026-01-01 03:53:00,121.7053651759882,0.051668849504981344,191.37071685423894,0
2026-01-01 03:54:00,86.87649092061504,0.003431138457695931,149.34264550713928,0
2026-01-01 03:55:00,88.22536407877966,0.12021979859418482,176.60293059440505,0
2026-01-01 03:56:00,61.34879746470421,0.020062752682785876,229.9214441915012,0
2026-01-01 03:57:00,97.07201343019166,0.00917514424566853,239.8337115469194,0
2026-01-01 03:58:00,80.87654058652787,0.017776885403317472,231.74151851540802,0
2026-01-01 03:59:00,90.47009030741067,0.04935844468822714,207.4817307355367,0
2026-01-01 04:00:00,84.21650599298341,0.06418180616184362,136.051892779655,0
2026-01-01 04:01:00,98.30327402345398,0.09479645658613658,197.05066362389846,0
2026-01-01 04:02:00,68.36088895558063,0.03630575328357685,136.55091676814507,0
2026-01-01 04:03:00,73.59318558296218,0.019489263662202966,127.93850823167345,0
2026-01-01 04:04:00,138.32644801650937,0.028207558667940582,188.37055396020335,0
2026-01-01 04:05:00,76.82639353706745,0.005964838574130475,198.31198065444127,0
2026-01-01 04:06:00,80.25785958781648,0.06444463798094975,211.61819844682816,0
2026-01-01 04:07:00,133.06444350978364,0.02120916674517161,197.3997684135133,0
2026-01-01 04:08:00,152.2912090463273,0.01591881536881355,198.6055095009962,0
2026-01-01 04:09:00,78.91180068114384,0.09076739616929685,145.53715952526682,0
2026-01-01 04:10:00,93.37151877781545,0.041107184753067016,176.32581603603668,0
2026-01-01 04:11:00,106.14799991692917,0.03143125457595148,127.25091250279293,0
2026-01-01 04:12:00,131.11655759930068,0.015441796428812458,109.88208047099316,0
2026-01-01 04:13:00,82.23657258829172,0.014513182688356602,205.92249484450758,0
2026-01-01 04:14:00,95.58499877304203,0.008747993009853095,153.64064621731643,0
2026-01-01 04:15:00,113.99207636911139,0.02219356790707233,210.53744757500687,0
2026-01-01 04:16:00,107.82578934039914,0.01971941297416515,218.79216522580134,0
2026-01-01 04:17:00,93.22919071785822,0.06680733543933311,158.32389363818808,0
2026-01-01 04:18:00,97.59118663871126,0.06280255850436273,200.66088830943548,0
2026-01-01 04:19:00,75.25187544934033,0.010205312055140298,156.85951449852254,0
2026-01-01 04:20:00,95.71287260845602,0.011514843262730019,115.39423938806117,0
2026-01-01 04:21:00,95.20502517983881,0.03706392338312935,184.31582915548606,0
2026-01-01 04:22:00,104.17905801327261,0.02291883402113694,163.51941420994837,0
2026-01-01 04:23:00,90.0041100612577,0.04326711050137497,164.5968846294504,0
2026-01-01 04:24:00,108.48769340581251,0.06304829824556962,249.1370091245934,0
2026-01-01 04:25:00,118.22888472075691,0.03324114398871106,126.59500560435649,0
2026-01-01 04:26:00,102.79772789803239,0.03442595772698823,193.40048973800148,0
2026-01-01 04:27:00,342.8065543312408,0.0011764232876356698,145.18174669993368,1
2026-01-01 04:28:00,100.95679625640162,0.007534099610725863,211.78914932435634,0
2026-01-01 04:29:00,100.00151907564546,0.033171535119239044,190.44509326612732,0
2026-01-01 04:30:00,87.01195539622874,0.037740866997911515,193.27705222132147,0
2026-01-01 04:31:00,105.69689671011955,0.03077846956306228,146.9288633839209,0
2026-01-01 04:32:00,98.24884122855718,0.0456862328043972,153.20442303490867,0
2026-01-01 04:33:00,137.6770295607507,0.020008550252616372,212.45376775710602,0
2026-01-01 04:34:00,128.32038824455435,0.013313612099242781,241.9779202604647,0
2026-01-01 04:35:00,106.94523794601702,0.06121521525049882,196.81077360284655,0
2026-01-01 04:36:00,86.26497022549418,0.03323194558171373,148.59027477299986,0
2026-01-01 04:37:00,79.97659350429848,0.05860408453026145,191.86284828617238,0
2026-01-01 04:38:00,121.44057315559957,0.022514681998604097,264.9615215518163,0
2026-01-01 04:39:00,104.7294860526485,0.04561976270716222,183.5847983751619,0
2026-01-01 04:40:00,108.642581261049,0.02595867513546979,231.16443007877598,0
2026-01-01 04:41:00,68.59745223446453,0.038298419055771006,154.08847219564507,0
2026-01-01 04:42:00,116.69389266804725,0.019681845344587376,178.52698819272646,0
2026-01-01 04:43:00,108.17956608785853,0.018337142477038316,201.68478221439398,0
2026-01-01 04:44:00,80.01224768053939,0.02323262707390063,193.90649078920023,0
2026-01-01 04:45:00,91.51255346590092,0.012892699298400766,153.17639619610938,0
2026-01-01 04:46:00,104.74690967841735,0.03873639507789987,151.66688900042902,0
2026-01-01 04:47:00,100.94440237041239,0.015807855447174234,214.58995410859305,0
2026-01-01 04:48:00,94.740918655536,0.03484540861778021,221.70427844275508,0
2026-01-01 04:49:00,98.1372111748127,0.017648016071244253,232.9250245342672,0
2026-01-01 04:50:00,95.46440719227607,0.023223313163405028,243.13756691385038,0
2026-01-01 04:51:00,102.74612521784444,0.044061885484782036,184.71168027129087,0
2026-01-01 04:52:00,126.48685551387683,0.17556721022971084,169.10802645189423,0
2026-01-01 04:53:00,53.80014806323664,0.0033958432867949493,227.28468285724642,0
2026-01-01 04:54:00,95.73669523882569,0.11263337019383168,204.95742486480555,0
2026-01-01 04:55:00,103.17722358470405,0.010698842201727647,145.6140659466343,0
2026-01-01 04:56:00,105.32789181436779,0.028564273534161494,143.82275170683812,0
2026-01-01 04:57:00,93.30553753621678,0.01882823756946334,197.21755704747082,0
2026-01-01 04:58:00,68.37900791538551,0.07946921439813939,173.79538684806002,0
2026-01-01 04:59:00,105.90391870685397,0.04720727177033837,179.0749515840756,0
2026-01-01 05:00:00,131.09230385495533,0.09671425359872196,217.53866776485683,0
2026-01-01 05:01:00,72.39049471150952,0.03665522463869129,206.56630007447626,0
2026-01-01 05:02:00,115.54890424656739,0.03483765670128694,226.54556369464512,0
2026-01-01 05:03:00,94.08654598378791,0.009370267220282268,112.39623627693217,0
2026-01-01 05:04:00,98.89616177508074,0.12716836073951637,188.86892710274202,0
2026-01-01 05:05:00,81.04782680732892,0.008587816996548932,204.31409828390224,0
2026-01-01 05:06:00,93.97978889759422,0.03658983128943212,126.56949501593107,0
2026-01-01 05:07:00,123.40080270458125,0.10154886529126682,157.07865255415098,0
2026-01-01 05:08:00,110.48779435577873,0.06381658067396115,150.58301931848783,0
2026-01-01 05:09:00,131.181608897379,0.036923851062888875,180.75943598709708,0
2026-01-01 05:10:00,121.19341400159848,0.047675686911088484,236.97488890429224,0
2026-01-01 05:11:00,107.90356022073237,0.0363413702572727,250.79062916327152,0
2026-01-01 05:12:00,131.39082147102025,0.0006208396999635937,151.4999356424351,0
2026-01-01 05:13:00,107.90187685728938,0.04390837062497881,198.4295037672751,0
2026-01-01 05:14:00,114.90378718234706,0.04171353237494063,199.55792482498103,0
2026-01-01 05:15:00,94.66172283637525,0.04517059550244442,193.56690200301617,0
2026-01-01 05:16:00,101.19782468546569,0.015541442268177361,193.96428721587318,0
2026-01-01 05:17:00,87.44637118059502,0.06989602858582508,190.63098758579648,0
2026-01-01 05:18:00,117.81251082270735,0.04892411677886408,239.06495422822468,0
2026-01-01 05:19:00,78.79053478393242,0.039096530846738115,218.58632800288203,0
2026-01-01 05:20:00,114.0823061635179,0.053244504626621406,142.89461358406066,0
2026-01-01 05:21:00,96.56828096490713,0.021497493998954967,207.85023783081922,0
2026-01-01 05:22:00,121.08244768241175,0.03293565584126646,211.23306810790083,0
2026-01-01 05:23:00,113.51564179716267,0.07427710184077149,191.02385505031262,0
2026-01-01 05:24:00,132.77163083764242,0.08183609847994171,219.59985296759552,0
2026-01-01 05:25:00,113.15394444049561,0.01748976612515145,186.5825912004663,0
2026-01-01 05:26:00,71.70327539824167,0.0386383786226785,1038.8277681249674,1
2026-01-01 05:27:00,98.79484288783239,0.0009304853363477477,184.2434190636965,0
2026-01-01 05:28:00,78.90387053329331,0.04388003405758204,109.36145699701159,0
2026-01-01 05:29:00,90.67096283740706,0.044160033377911925,177.18605621329442,0
2026-01-01 05:30:00,127.202111798981,0.1528182802194114,156.61122989409003,0
2026-01-01 05:31:00,111.47560859615852,0.13097526829623257,138.4743207632605,0
2026-01-01 05:32:00,87.41925228558256,0.06351391060519679,230.1906399658833,0
2026-01-01 05:33:00,81.75308740407282,0.08645349220748318,197.64726314870603,0
2026-01-01 05:34:00,100.59007767177269,0.8109918687601679,178.95591216694083,1
2026-01-01 05:35:00,78.1019173111397,0.030636137262946617,160.23188271141507,0
2026-01-01 05:36:00,87.91947500686155,0.01569254620866601,190.3659354620059,0
2026-01-01 05:37:00,105.61617048792239,0.08726066674961151,214.70026326611296,0
2026-01-01 05:38:00,120.79561664992053,0.00978449603696427,151.05619547585707,0
2026-01-01 05:39:00,110.95770650003992,0.021375734359785438,179.83100697031864,0
2026-01-01 05:40:00,58.7567888452342,0.03538072170378906,210.38232745979104,0
2026-01-01 05:41:00,105.47860112254467,0.004374516293680286,112.23996048205545,0
2026-01-01 05:42:00,101.2966043181864,0.0035579598599057316,177.98505831581085,0
2026-01-01 05:43:00,107.45002513670848,0.0027782073888637593,164.97480203083614,0
2026-01-01 05:44:00,129.09177426972172,0.013711322230581037,175.3159549785738,0
2026-01-01 05:45:00,62.86171101751463,0.018345520863252814,162.44300052698338,0
2026-01-01 05:46:00,89.36013834656009,0.047825348460220414,184.81686118225534,0
2026-01-01 05:47:00,110.63631381028038,0.06290187743829018,247.32695271479514,0
2026-01-01 05:48:00,71.53130080982903,0.01687371166354214,168.66271341250072,0
2026-01-01 05:49:00,126.56708286496317,0.0848149855115069,190.20988531829374,0
2026-01-01 05:50:00,106.63041902861185,0.07342057976180273,249.81612464431896,0
2026-01-01 05:51:00,115.23851174518127,0.09656126344869605,160.74945475696057,0
2026-01-01 05:52:00,89.7230140926077,0.0416105949287027,243.5136372125139,0
2026-01-01 05:53:00,114.6477464193918,0.011185357713672375,180.18630523194875,0
2026-01-01 05:54:00,246.46144653611017,0.0095585434327585,242.36636790527243,1
2026-01-01 05:55:00,104.19180436246903,0.04078994344329736,206.25703937312116,0
2026-01-01 05:56:00,104.21921606857653,0.06594060337466118,190.74879269038476,0
2026-01-01 05:57:00,104.86617830707107,0.06534303562184184,177.70292613396947,0
2026-01-01 05:58:00,84.45978523469113,0.05428061037477259,158.15854960422763,0
2026-01-01 05:59:00,97.34448375567365,0.0947345504352875,182.65270424875234,0
2026-01-01 06:00:00,97.25459441585754,0.007832771430856084,211.40765106570086,0
2026-01-01 06:01:00,106.90108955836291,0.017136642469059958,179.54109991511652,0
2026-01-01 06:02:00,117.99683644438531,0.05982528944194037,168.918201822835,0
2026-01-01 06:03:00,80.94635052438863,0.050005450788861774,171.22261130377794,0
2026-01-01 06:04:00,97.7498374542476,0.0015365799903111796,214.73668147540687,0
2026-01-01 06:05:00,126.66619985786151,0.10976571814851974,222.88065092849496,0
2026-01-01 06:06:00,86.61541188137384,0.029196111926043992,156.64973201810704,0
2026-01-01 06:07:00,85.19949968877424,0.08568366977957612,643.3039715347887,1
2026-01-01 06:08:00,103.64151145296148,0.05490503319868938,193.27756218834892,0
2026-01-01 06:09:00,115.19893342873576,0.07582540978612197,233.46362226650393,0
2026-01-01 06:10:00,100.20566900009187,0.017293140790826795,220.10966079093959,0
2026-01-01 06:11:00,123.9212906278658,0.05849076200149645,136.18517257370308,0
2026-01-01 06:12:00,115.42229168619748,0.08420151767697799,170.75734105028482,0
2026-01-01 06:13:00,115.15276120402112,0.017223769027222696,147.42887558586708,0
2026-01-01 06:14:00,109.97409702383368,0.036226516462256095,170.63706173296595,0
2026-01-01 06:15:00,141.89775580622953,0.05313236518946089,236.1543498612374,0
2026-01-01 06:16:00,96.3070896004112,0.019804814587472613,130.2089772925944,0
2026-01-01 06:17:00,63.93659874280275,0.025691346032637077,123.33971473519335,0
2026-01-01 06:18:00,128.87657850730852,0.07426737720148119,151.00060462982393,0
2026-01-01 06:19:00,91.76141024277715,0.03208869180464349,190.05587109015974,0
2026-01-01 06:20:00,101.9418479981746,0.0037597640090902555,201.7264187224265,0
2026-01-01 06:21:00,123.57191232748949,0.04042957782226931,195.31069522015366,0
2026-01-01 06:22:00,71.15932826093935,0.7499316728945673,221.14898911308558,1
2026-01-01 06:23:00,77.47035014608949,0.05007468313549015,118.29200420181249,0
2026-01-01 06:24:00,71.17699713186063,0.01973970924617345,896.1404382594087,1
2026-01-01 06:25:00,85.70554677954237,0.37046332102839163,169.0766637983798,1
2026-01-01 06:26:00,107.91345890830588,0.12209333499724627,205.60230084317038,0
2026-01-01 06:27:00,109.43538117062988,0.04357489501997654,133.68011006328786,0
2026-01-01 06:28:00,104.97293522791396,0.0530578519036672,180.17348439531744,0
2026-01-01 06:29:00,74.57021408993741,0.05267085484790919,188.26947697061547,0
2026-01-01 06:30:00,58.418138140612406,0.07639959856682495,220.45128631244464,0
2026-01-01 06:31:00,100.97836453702688,0.03708501388764107,124.5160882087282,0
2026-01-01 06:32:00,91.50803139450996,0.08226763439815492,181.07633919872166,0
2026-01-01 06:33:00,108.26894389089901,0.1214521924848246,142.016764810025,0
2026-01-01 06:34:00,112.63516527198286,0.013143274860973466,197.69236154728964,0
2026-01-01 06:35:00,102.48834577705628,0.05795552524604226,207.2025787759644,0
2026-01-01 06:36:00,113.68239553676537,0.045156575709627673,225.05095848778308,0
2026-01-01 06:37:00,104.12580473407124,0.03408256359902388,161.2739690992069,0
2026-01-01 06:38:00,109.5411647008264,0.06631312586042329,212.45292699910766,0
2026-01-01 06:39:00,87.31588126834211,0.014049279973004708,227.63155556169687,0
2026-01-01 06:40:00,96.76699455103375,0.11567450457066858,122.48635605505866,0
2026-01-01 06:41:00,103.54196973982523,0.04009770635123066,201.43207220344578,0
2026-01-01 06:42:00,114.76951255751354,0.0940979534025067,213.5478938823037,0
2026-01-01 06:43:00,92.9126588999577,0.011191986742990481,170.9445764764397,0
2026-01-01 06:44:00,109.38101060317803,0.08279941795848121,137.6229247866212,0
2026-01-01 06:45:00,95.21490174552318,0.018447912296323296,213.00345146383822,0
2026-01-01 06:46:00,97.88424098809365,0.011951991560438892,138.0171910354785,0
2026-01-01 06:47:00,114.93134275643331,0.013513145642037788,173.75769979211842,0
2026-01-01 06:48:00,64.12491332102519,0.01515461446280231,178.59565797688347,0
2026-01-01 06:49:00,76.6634980946543,0.010892878257393357,205.04383180963998,0
2026-01-01 06:50:00,73.32066284602922,0.020456026791804197,158.06789541706135,0
2026-01-01 06:51:00,57.994909842730515,0.03779091294267982,156.03957089102508,0
2026-01-01 06:52:00,87.79124007720682,0.013328546743257121,183.46204175670889,0
2026-01-01 06:53:00,113.48981019509932,0.04589253584007533,837.5349527608117,1
2026-01-01 06:54:00,94.87208680511365,0.04607420912563562,260.06075002286013,0
2026-01-01 06:55:00,103.56022147495334,0.02975426697324186,127.2381580077429,0
2026-01-01 06:56:00,119.60591494079426,0.038320519962280725,191.03697062253025,0
2026-01-01 06:57:00,276.61238958257076,0.011215228543126211,141.97127408179978,1
2026-01-01 06:58:00,98.7555171749295,0.7854284798475238,215.658393512236,1
2026-01-01 06:59:00,124.36454601224915,0.015916674320677976,147.15094084417683,0
2026-01-01 07:00:00,101.65827985181397,0.081228154504757,156.38731236361866,0
2026-01-01 07:01:00,84.92683197110568,0.026182984376575572,159.37551993276014,0
2026-01-01 07:02:00,89.30079366042277,0.00897677686716364,177.33303714480687,0
2026-01-01 07:03:00,73.35034277382971,0.045003095431170065,191.31191589005476,0
2026-01-01 07:04:00,84.01359063279426,0.08190929964307479,196.92954877629796,0
2026-01-01 07:05:00,93.55569961466027,0.023495410896997082,179.79813588360258,0
2026-01-01 07:06:00,114.46453034881483,0.8111006881816964,133.45381421457967,1
2026-01-01 07:07:00,130.97385696098772,0.022220635220890884,205.47251526085662,0
2026-01-01 07:08:00,75.12073272321328,0.02093417451261354,178.14644677179402,0
2026-01-01 07:09:00,107.07089442867854,0.07398165911995988,220.66071765051447,0
2026-01-01 07:10:00,81.27020909516438,0.08373273213736968,155.2291427182022,0
2026-01-01 07:11:00,108.54454759233764,0.06299680198148766,123.9203845427152,0
2026-01-01 07:12:00,97.64044028762092,0.04404974786517811,178.80908990609237,0
2026-01-01 07:13:00,67.04369513474445,0.03754504307496013,225.35834408994927,0
2026-01-01 07:14:00,116.70934584823272,0.003638874237374948,185.63297478156178,0
2026-01-01 07:15:00,89.10998716944285,0.012145834844420228,173.01155702895002,0
2026-01-01 07:16:00,90.38979570927602,0.05475880936359018,149.53785438198983,0
2026-01-01 07:17:00,80.74445659678558,0.018627547074376204,241.52182633382878,0
2026-01-01 07:18:00,88.222901019624,0.024644562422379737,143.96390917903273,0
2026-01-01 07:19:00,107.70202793250851,0.014036893754783673,154.6112009830116,0
2026-01-01 07:20:00,96.5936018631447,0.035715038372880106,199.9511968629408,0
2026-01-01 07:21:00,105.91591604108466,0.02143375216488723,115.03927585396237,0
2026-01-01 07:22:00,106.51459337071918,0.017551430054960054,224.6106732883469,0
2026-01-01 07:23:00,123.771909799507,0.02850630030958638,201.84675899760745,0
2026-01-01 07:24:00,398.1339760050515,0.08057244084746534,211.47308751338883,1
2026-01-01 07:25:00,73.41655929677682,0.04981845574758278,199.53409541823788,0
2026-01-01 07:26:00,119.21000349829569,0.0067768168961234556,174.36067688902705,0
2026-01-01 07:27:00,94.03321290224942,0.021055256230998735,142.7897951445602,0
2026-01-01 07:28:00,120.06266400239278,0.05292216153948908,175.09735955712637,0
2026-01-01 07:29:00,106.90078803728447,0.0499044591183616,145.8667290886578,0
2026-01-01 07:30:00,97.63952445633979,0.02163653595816044,197.01543585267342,0
2026-01-01 07:31:00,106.27796609283331,0.1368864062223801,208.23729406918355,0
2026-01-01 07:32:00,135.1182260822734,0.011265485147378743,231.68830209193726,0
2026-01-01 07:33:00,137.38564952296755,0.03923711754885731,193.0118674193502,0
2026-01-01 07:34:00,101.24886043239002,0.06665033093608556,212.36013748083153,0
2026-01-01 07:35:00,102.88343067970736,0.011513453390730326,169.59993419694501,0
2026-01-01 07:36:00,119.37232283439494,0.055437524603040494,163.2603001697132,0
2026-01-01 07:37:00,84.77810141018776,0.03135136584496668,196.57851617858805,0
2026-01-01 07:38:00,105.9952667071286,0.0422098280878214,166.4734494549082,0
2026-01-01 07:39:00,99.53446873683059,0.0343681226315894,189.421502608968,0
2026-01-01 07:40:00,105.65034780623597,0.005976160049527173,142.85827337326026,0
2026-01-01 07:41:00,84.9993614929107,0.05806287237921877,149.14303111332947,0
2026-01-01 07:42:00,71.38778512043856,0.0036064750319334126,202.23932553564015,0
2026-01-01 07:43:00,62.68629815215675,0.01795108888530847,211.03415263921337,0
2026-01-01 07:44:00,79.88708596618706,0.05475429159420618,145.5020340861662,0
2026-01-01 07:45:00,91.74384487109201,0.04120871216286164,203.47150086772473,0
2026-01-01 07:46:00,94.72255144032229,0.022158305310224162,161.35425144376538,0
2026-01-01 07:47:00,134.8701609237313,0.020519929582905962,180.57768116701084,0
2026-01-01 07:48:00,119.90788065833136,0.03065021732193453,229.59305455267264,0
2026-01-01 07:49:00,82.68235990585072,0.006648001768734406,208.2620531908032,0
2026-01-01 07:50:00,106.25875214411722,0.03366199888260983,207.85551958077676,0
2026-01-01 07:51:00,92.67259174569415,0.03802324217537155,246.80766254599382,0
2026-01-01 07:52:00,94.8814509152783,0.0007341555201921964,155.36422306325707,0
2026-01-01 07:53:00,103.33586168947687,0.09984585075337445,145.4943758752609,0
2026-01-01 07:54:00,111.14508010555708,0.04396731980392464,154.72572054199932,0
2026-01-01 07:55:00,93.89334729008772,0.06273579864468483,171.09246313076846,0
2026-01-01 07:56:00,119.14932758921844,0.02105846716002071,97.59072849978372,0
2026-01-01 07:57:00,79.44511192943673,0.11511614760510805,172.74001171561164,0
2026-01-01 07:58:00,100.11410312252083,0.10247098014580681,160.9400243836781,0
2026-01-01 07:59:00,146.75812707872498,0.08686540200608908,207.43159185892296,0
2026-01-01 08:00:00,104.01543536725495,0.0369952644369373,192.3346782653514,0
2026-01-01 08:01:00,125.79786111891111,0.06959971790402068,158.9756180280732,0
2026-01-01 08:02:00,101.64736320711775,0.03466443556331432,200.64862958770163,0
2026-01-01 08:03:00,110.45398771593634,0.04892293366312411,205.31420709383193,0
2026-01-01 08:04:00,98.97790250093155,0.007146887801074618,153.10089735730062,0
2026-01-01 08:05:00,96.93266353904431,0.026703343982991002,162.74415106161536,0
2026-01-01 08:06:00,85.96931685894245,0.1089699551234095,102.1122884515706,0
2026-01-01 08:07:00,107.74542446123596,0.031056705425239,141.82690089707503,0
2026-01-01 08:08:00,84.67233059465617,0.016024216001222034,154.01356538517476,0
2026-01-01 08:09:00,111.98053425364172,0.030994388086600207,182.59581618121075,0
2026-01-01 08:10:00,119.53516608002639,0.005510361225229042,146.91160622240648,0
2026-01-01 08:11:00,106.59756533027014,0.08146051284628117,162.02918045328119,0
2026-01-01 08:12:00,94.84752279599755,0.07232410875215642,137.11342614460904,0
2026-01-01 08:13:00,108.17138042755653,0.010219689367737442,185.98898644859446,0
2026-01-01 08:14:00,94.44388500016457,0.02119259979014806,194.90001081047177,0
2026-01-01 08:15:00,116.83984825837268,0.005166386539430645,194.0827871946938,0
2026-01-01 08:16:00,67.03469048412776,0.06504492127800202,180.43263961668407,0
2026-01-01 08:17:00,93.95906737386437,0.02279863182127784,126.06244512245121,0
2026-01-01 08:18:00,64.16538408776805,0.015631142703418522,158.30162176375023,0
2026-01-01 08:19:00,73.08890505591032,0.1074329777748804,165.74426646885306,0
2026-01-01 08:20:00,124.54952013665037,0.041512724479974894,165.8846640477781,0
2026-01-01 08:21:00,116.11332967549035,0.037521862656273275,182.62434262964427,0
2026-01-01 08:22:00,87.04935580087377,0.04071712266713702,229.89394803298566,0
2026-01-01 08:23:00,72.95493779126386,0.030193045104890924,208.42336744396098,0
2026-01-01 08:24:00,46.63848091885028,0.03170351403887814,145.43687770529567,0
2026-01-01 08:25:00,90.21708085721258,0.020906760880147555,203.74410063538218,0
2026-01-01 08:26:00,143.56747022045323,0.10563797355394895,202.41058286830076,0
2026-01-01 08:27:00,107.82791688634565,0.03687087069117037,151.78763844669524,0
2026-01-01 08:28:00,89.92769885110918,0.02161492332642456,209.71030729224037,0
2026-01-01 08:29:00,108.37144377100552,0.03763575669326888,174.3868177419158,0
2026-01-01 08:30:00,71.90274964610003,0.030447457818797655,130.65162784949445,0
2026-01-01 08:31:00,94.64817947144256,0.012950862497029272,195.93209536229998,0
2026-01-01 08:32:00,101.7905945142833,0.06899169207753185,187.59366382650836,0
2026-01-01 08:33:00,98.45018826722112,0.0028850293319642004,172.03128297849602,0
2026-01-01 08:34:00,114.23451019042145,0.010373714462921506,178.68914202558452,0
2026-01-01 08:35:00,106.20361407224894,0.06803805906774132,154.83200823890382,0
2026-01-01 08:36:00,112.02986832594395,0.07646871145531556,201.35456763289883,0
2026-01-01 08:37:00,87.60929891984634,0.4655908393707714,178.4792277921876,1
2026-01-01 08:38:00,116.16067735138986,0.015223179124362433,185.82570953818797,0
2026-01-01 08:39:00,129.32086505723186,0.016422978103838498,192.49996735501054,0
2026-01-01 08:40:00,82.53730864627457,0.03315430101436286,139.58950349507865,0
2026-01-01 08:41:00,84.02147819713792,0.011454187096131246,148.7000942341282,0
2026-01-01 08:42:00,124.0441180537642,0.05368317992998916,102.65194391343267,0
2026-01-01 08:43:00,96.55580823948891,0.03499265178561193,199.76597904716425,0
2026-01-01 08:44:00,317.6499928288956,0.035027706515283565,137.57264916886317,1
2026-01-01 08:45:00,92.03435718594069,0.048090455383724286,184.63993984634783,0
2026-01-01 08:46:00,126.1908203728728,0.04966320329261341,192.98458787288433,0
2026-01-01 08:47:00,102.36674470249814,0.021135149878233953,201.08234936123822,0
2026-01-01 08:48:00,104.64811881980852,0.054363263653498244,137.85940801573793,0
2026-01-01 08:49:00,128.16492439005827,0.18948287955858953,177.71934336507582,0
2026-01-01 08:50:00,93.48813140600492,0.04539405115788445,238.45981472757123,0
2026-01-01 08:51:00,83.05980227335075,0.046552296879129554,240.00101379945107,0
2026-01-01 08:52:00,91.92584425548962,0.03281550493730093,214.55630829094326,0
2026-01-01 08:53:00,108.1420111115765,0.028607663332799193,191.8122598586594,0
2026-01-01 08:54:00,71.81633670075074,0.04579473563016494,144.82127639041178,0
2026-01-01 08:55:00,111.47447624772019,0.04811768441861368,205.15175688868686,0
2026-01-01 08:56:00,90.30211628288062,0.5993073412324841,174.46925699386057,1
2026-01-01 08:57:00,120.66062789320415,0.04563706439135326,199.61848963454955,0
2026-01-01 08:58:00,56.903314511791514,0.035714494571961,157.85047908017592,0
2026-01-01 08:59:00,85.84181604812497,0.004737655245885211,173.9473410506025,0
2026-01-01 09:00:00,69.64357327778616,0.00730719561803279,185.74515760267488,0
2026-01-01 09:01:00,85.12786960544885,0.0075052051485014395,188.61973320228503,0
2026-01-01 09:02:00,104.45798621996097,0.007206751357715339,197.28029500610867,0
2026-01-01 09:03:00,96.7739207419044,0.02882605943816186,159.72817554162853,0
2026-01-01 09:04:00,95.43920375893573,0.06579204658591206,132.9850441761429,0
2026-01-01 09:05:00,97.13467231515891,0.022290387697878285,236.8674763964928,0
2026-01-01 09:06:00,103.66098833115898,0.586165780086325,267.1238959158175,1
2026-01-01 09:07:00,81.84635124502407,0.39104629714312145,195.65972489208326,1
2026-01-01 09:08:00,112.72329353618292,0.06872747882635943,133.66027668444613,0
2026-01-01 09:09:00,111.9279874669387,0.04820810723532608,152.9381709104993,0
2026-01-01 09:10:00,106.93068287780982,0.01823234650709282,197.81911491678392,0
2026-01-01 09:11:00,110.01760196952273,0.009289861916472585,226.939046408845,0
2026-01-01 09:12:00,105.33552401455587,0.08406889322587802,137.54882779103502,0
2026-01-01 09:13:00,136.6313194491592,0.04530558844819067,175.64835127028846,0
2026-01-01 09:14:00,98.43230492105482,0.010348412371291343,186.85762225553893,0
2026-01-01 09:15:00,94.47250206997762,0.038483646175801425,210.2602457950056,0
2026-01-01 09:16:00,86.43650355356719,0.006434923043346823,167.97396169598673,0
2026-01-01 09:17:00,81.41927192959893,0.02677648387456473,125.26648580373264,0
2026-01-01 09:18:00,77.59950782318064,0.03364586534902741,201.74191458085159,0
2026-01-01 09:19:00,84.00164836184346,0.028469554495259505,219.36785878099334,0
2026-01-01 09:20:00,98.72775313026271,0.09563309265779786,177.1092988389194,0
2026-01-01 09:21:00,106.01731231295886,0.03607029284049854,194.1834031957251,0
2026-01-01 09:22:00,100.92055705393891,0.025450910897045813,163.39280697005253,0
2026-01-01 09:23:00,86.22036500626517,0.013396277071968903,150.3979521845937,0
2026-01-01 09:24:00,116.20332215235933,0.019562732557635253,215.92489881915265,0
2026-01-01 09:25:00,113.30942810141705,0.07287420810536153,193.56235467350612,0
2026-01-01 09:26:00,97.1263304664037,0.08679765704323034,197.16290097906588,0
2026-01-01 09:27:00,88.24750939603518,0.03776429062245622,232.57403017981147,0
2026-01-01 09:28:00,109.87170257493639,0.054385011352477836,143.08051829884994,0
2026-01-01 09:29:00,103.38352457474988,0.026969341450644863,160.67908061442023,0
2026-01-01 09:30:00,73.93370933052914,0.06367624574646848,185.52766720921434,0
2026-01-01 09:31:00,98.7763553922807,0.06148792675875198,160.24903667835653,0
2026-01-01 09:32:00,104.71664461733886,0.053737804027307295,207.40977873453576,0
2026-01-01 09:33:00,83.80549384322043,0.07128292878624111,173.44102726836056,0
2026-01-01 09:34:00,103.41718107107397,0.06324137203200954,145.26135173759837,0
2026-01-01 09:35:00,73.8131952653598,0.05768851587465793,182.30200863156816,0
2026-01-01 09:36:00,124.05134980021907,0.03598086743043207,185.9618569782376,0
2026-01-01 09:37:00,122.46309973106978,0.03371137161354211,212.71387220137157,0
2026-01-01 09:38:00,95.45468798254663,0.0230697432006002,193.75993161015984,0
2026-01-01 09:39:00,106.54217808110332,0.003637904194270207,196.14012369759425,0
2026-01-01 09:40:00,240.3189524135344,0.06278164322506144,191.21020894025287,1
2026-01-01 09:41:00,79.185742115224,0.0442933665461636,173.41221175478245,0
2026-01-01 09:42:00,94.71197943726166,0.6889415103813721,154.93233097110573,1
2026-01-01 09:43:00,80.70160561431653,0.09726892896699407,190.10934230807817,0
2026-01-01 09:44:00,112.85913668735186,0.029879246805856935,168.34063319407258,0
2026-01-01 09:45:00,135.9513375534639,0.048442191484298444,239.14379171543555,0
2026-01-01 09:46:00,78.82093505027257,0.04395174941801983,226.97638031706265,0
2026-01-01 09:47:00,84.92565872646654,0.005399916724587164,202.14936963230627,0
2026-01-01 09:48:00,104.23807062957874,0.06333975988087967,193.2463428752545,0
2026-01-01 09:49:00,129.00009067299317,0.029521627194187217,176.9214332156588,0
2026-01-01 09:50:00,77.99726237428175,0.030576842073525137,135.86066940285028,0
2026-01-01 09:51:00,104.48265020152496,0.005740838084007939,172.4339721837312,0
2026-01-01 09:52:00,132.78337931463597,0.012939049731345414,183.54900116918398,0
2026-01-01 09:53:00,70.26833533277319,0.017305613025925558,188.03097660556318,0
2026-01-01 09:54:00,76.94075427677502,0.05119038665504405,196.4337728455539,0
2026-01-01 09:55:00,92.37508108370491,0.004488488151717902,212.24655692571898,0
2026-01-01 09:56:00,90.6294085686026,0.021153645439264478,155.77460749074964,0
2026-01-01 09:57:00,114.6268231795656,0.007117259857954036,156.0923537476846,0
2026-01-01 09:58:00,104.34987495677508,0.04393162142942403,230.77998379101055,0
2026-01-01 09:59:00,68.0506829264417,0.03522977354237749,206.9843556217602,0
2026-01-01 10:00:00,109.2773872522146,0.0276587734865153,166.32301702533377,0
2026-01-01 10:01:00,89.60430002759828,0.033528306119696864,176.2476090866717,0
2026-01-01 10:02:00,122.9400499049423,0.02932466660358001,176.40501186637854,0
2026-01-01 10:03:00,88.70342434413544,0.017701667614104664,181.1050942798484,0
2026-01-01 10:04:00,88.54092490415975,0.12233158803180331,196.54390822835146,0
2026-01-01 10:05:00,109.74036899448157,0.08030314630053242,268.7247461134941,0
2026-01-01 10:06:00,113.73267668206486,0.025202871034974903,186.64147964069284,0
2026-01-01 10:07:00,108.06578855085166,0.09778392444844672,203.19093526488376,0
2026-01-01 10:08:00,69.65924828707345,0.041427149389221596,120.97331528334502,0
2026-01-01 10:09:00,109.68461991870852,0.04450136697630964,163.02850025274077,0
2026-01-01 10:10:00,81.38245506986081,0.03950916545084933,223.00852509508118,0
2026-01-01 10:11:00,104.23497000858875,0.1164938255264852,194.08103869748155,0
2026-01-01 10:12:00,74.37278016281692,0.09221378637324579,40.0,0
2026-01-01 10:13:00,108.03379865577514,0.001099010297795564,203.59081208106687,0
2026-01-01 10:14:00,85.4812197224673,0.0170502107125956,247.1357538120069,0
2026-01-01 10:15:00,363.84151637451487,0.057489276854872616,110.14323448580724,1
2026-01-01 10:16:00,112.84876245668319,0.043249184569652356,233.17856864759293,0
2026-01-01 10:17:00,104.34960139018152,0.019839707637021226,82.98155292809251,0
2026-01-01 10:18:00,88.94841757492784,0.07291766378301416,212.82996307686946,0
2026-01-01 10:19:00,126.12121928237916,0.02338249032340477,179.6972980895716,0
2026-01-01 10:20:00,92.06825641174464,0.038614286491178144,97.75100746643842,0
2026-01-01 10:21:00,100.57793813147683,0.04697290688899915,195.61482395339252,0
2026-01-01 10:22:00,104.84044205821482,0.01638001046886439,220.27939122032205,0
2026-01-01 10:23:00,88.84601318568495,0.047131997558032074,192.73604513375506,0
2026-01-01 10:24:00,108.48045328119873,0.01629054980118718,200.46896729708646,0
2026-01-01 10:25:00,90.39785775103496,0.011444446186017537,165.59133606813285,0
2026-01-01 10:26:00,92.59051020010824,0.003755160155312226,114.85135856726423,0
2026-01-01 10:27:00,124.52756751646014,0.38263214114873206,204.21524078179726,1
2026-01-01 10:28:00,81.2694510547762,0.05883455491646621,241.24138718062034,0
2026-01-01 10:29:00,56.56995404326918,0.03894963380205557,219.53532989796105,0
2026-01-01 10:30:00,128.9968659102141,0.019647097237507377,110.42434596395289,0
2026-01-01 10:31:00,145.88790314692605,0.01686266227177783,126.97869574761731,0
2026-01-01 10:32:00,92.70515322191203,0.0621323696601867,150.3911290370931,0
2026-01-01 10:33:00,65.13691526883667,0.024332943426283993,124.24585920519499,0
2026-01-01 10:34:00,94.41128842847301,0.0710872804586131,181.54664718446136,0
2026-01-01 10:35:00,94.84798690286796,0.07974164535841353,193.7695531813183,0
2026-01-01 10:36:00,96.58137086159937,0.043543665449444616,129.94113508651714,0
2026-01-01 10:37:00,79.95901524540673,0.04456538661915006,207.1994960746435,0
2026-01-01 10:38:00,110.43210056457659,0.047975146848950975,201.0386380407005,0
2026-01-01 10:39:00,109.44113275514955,0.12921041959412247,160.81443063047038,0
2026-01-01 10:40:00,73.10069884325247,0.1228865372495586,173.96173049056057,0
2026-01-01 10:41:00,112.58554117050798,0.015264546323371318,111.7569588521439,0
2026-01-01 10:42:00,136.94832967502603,0.03232482120140826,168.37082452995242,0
2026-01-01 10:43:00,103.09528598386707,0.8558775784492505,180.2584740945614,1
2026-01-01 10:44:00,93.92814708276688,0.08235194901410564,185.90616583298663,0
2026-01-01 10:45:00,97.44394214066462,0.0941489060041997,193.26069192070608,0
2026-01-01 10:46:00,111.0746218054341,0.015979219637542237,188.54846101307004,0
2026-01-01 10:47:00,68.84791110087008,0.03185959905751857,170.74797059570153,0
2026-01-01 10:48:00,102.95903265359144,0.016660615889464613,190.01682298940108,0
2026-01-01 10:49:00,92.97164890966941,0.014614794792765076,215.07111976585867,0
2026-01-01 10:50:00,133.26085023320883,0.14488145171316869,176.65756743416244,0
2026-01-01 10:51:00,96.86489079151076,0.04505757076441226,191.11582117910868,0
2026-01-01 10:52:00,130.02197700015137,0.03611818223566874,173.48401280675586,0
2026-01-01 10:53:00,80.13266743992386,0.10736668675462303,157.363437923215,0
2026-01-01 10:54:00,110.57066500245026,0.11549375578264331,198.30078834211616,0
2026-01-01 10:55:00,105.74920474824212,0.005765834151699844,160.5670919540428,0
2026-01-01 10:56:00,84.35714953843392,0.032689408712109395,772.6821707398237,1
2026-01-01 10:57:00,103.19313006346493,0.054739005422023375,180.9889380028516,0
2026-01-01 10:58:00,121.82533906296881,0.1193024364953824,169.36228632179498,0
2026-01-01 10:59:00,94.1717493228412,0.3694642482996382,168.51500087486687,1
2026-01-01 11:00:00,69.54467231494426,0.005442280731501977,162.21576526545095,0
2026-01-01 11:01:00,99.68386912340597,0.03371035479270426,122.39695897688452,0
2026-01-01 11:02:00,83.75638429373477,0.0016075372823693853,193.40132833065923,0
2026-01-01 11:03:00,93.83786310405011,0.052798508197010076,188.10413888474122,0
2026-01-01 11:04:00,98.53142014566782,0.05545885549788831,209.7384588356973,0
2026-01-01 11:05:00,69.2982601117207,0.03822949990807997,161.39900841926217,0
2026-01-01 11:06:00,70.9181498922278,0.08849729803817598,246.33842689168335,0
2026-01-01 11:07:00,108.67720303945946,0.00794302734818501,166.70924182526284,0
2026-01-01 11:08:00,90.59106346894575,0.034452816188608064,149.37116252318563,0
2026-01-01 11:09:00,53.83460184722979,0.014468277967598262,145.22102780550674,0
2026-01-01 11:10:00,114.12719265894643,0.023791884273058356,119.31271588696183,0
2026-01-01 11:11:00,104.90265559493632,0.022480446203465444,233.64197623375946,0
2026-01-01 11:12:00,87.1502531673433,0.04038586189454461,227.98735867690317,0
2026-01-01 11:13:00,76.29705620095166,0.04509026718251963,201.02608070096653,0
2026-01-01 11:14:00,115.04454213365807,0.04933611073386906,148.6368917278477,0
2026-01-01 11:15:00,106.28831120608773,0.08104332137625143,243.3943688545692,0
2026-01-01 11:16:00,142.8868410883133,0.03598323415116963,167.68982934674204,0
2026-01-01 11:17:00,247.32221175122297,0.024515573912204082,170.58409590706717,1
2026-01-01 11:18:00,106.97865654271627,0.10520094709104617,230.30406781526267,0
2026-01-01 11:19:00,96.99529725804582,0.013439691376255579,203.06187045683052,0
2026-01-01 11:20:00,114.70196560961423,0.01982108258640236,257.03860985641074,0
2026-01-01 11:21:00,111.25153362246677,0.09356848681950058,188.70527911116568,0
2026-01-01 11:22:00,122.53105015417351,0.06442712636251498,166.10392201474463,0
2026-01-01 11:23:00,90.61618746452888,0.02671433175875293,158.58682907890716,0
2026-01-01 11:24:00,408.13684097225314,0.02013632714470296,115.35513379832805,1
2026-01-01 11:25:00,91.37614292358435,0.02645392370691173,170.24914795178285,0
2026-01-01 11:26:00,114.2344309812218,0.07170035254641148,220.06076685895832,0
2026-01-01 11:27:00,126.97073992534118,0.03896240027924588,200.95919604296242,0
2026-01-01 11:28:00,91.74087112331259,0.012568583418792934,180.71078022961422,0
2026-01-01 11:29:00,92.35407289972436,0.05225158169866507,145.17729446642846,0
2026-01-01 11:30:00,105.65339002965638,0.0179606345324253,187.9405556304458,0
2026-01-01 11:31:00,95.57629299976777,0.021777243097263494,215.44847968183805,0
2026-01-01 11:32:00,117.13696575651802,0.06407357713761942,195.07517397644946,0
2026-01-01 11:33:00,59.46800876885716,0.035289314370684326,185.83573093716757,0
2026-01-01 11:34:00,85.1193091554959,0.06646116872320164,152.1064821351578,0
2026-01-01 11:35:00,85.91650598869397,0.035040733191022855,687.8948525729002,1
2026-01-01 11:36:00,58.23359177704939,0.025430017720266575,70.38333134395367,0
2026-01-01 11:37:00,82.65450800136153,0.02184923515735215,193.39959981028008,0
2026-01-01 11:38:00,83.52718991477333,0.0854132212742215,269.96126933306095,0
2026-01-01 11:39:00,96.38011621866106,0.03245751929735901,127.20693144338536,0
2026-01-01 11:40:00,120.03338604988474,0.0612621312500743,171.5520690854522,0
2026-01-01 11:41:00,95.58890827856736,0.01183028192300059,179.72311534563457,0
2026-01-01 11:42:00,81.44535303511924,0.08386989509395723,163.8096015080198,0
2026-01-01 11:43:00,98.97481825815647,0.03054158440844635,216.2730984895643,0
2026-01-01 11:44:00,118.88512518594429,0.04133108476002446,196.53578550243554,0
2026-01-01 11:45:00,82.43274130993171,0.025993320179867455,185.3305130391562,0
2026-01-01 11:46:00,83.60965208941393,0.0660064098781131,207.9045396409248,0
2026-01-01 11:47:00,110.05388126693602,0.04285009528355305,180.58627481751097,0
2026-01-01 11:48:00,96.0123499168456,0.027072398635199828,291.29525710882297,0
2026-01-01 11:49:00,111.65472443277054,0.011555591050842147,616.9267452089005,1
2026-01-01 11:50:00,99.75435774768467,0.0438898816886697,186.83487344713964,0
2026-01-01 11:51:00,112.62994566561221,0.035880785210075754,120.13361826493536,0
2026-01-01 11:52:00,81.36859394726847,0.007939458640495554,160.97923854438017,0
2026-01-01 11:53:00,99.78247628581119,0.04072274248152312,220.15821886299335,0
2026-01-01 11:54:00,96.20757974146318,0.07495842989272693,133.25901023740445,0
2026-01-01 11:55:00,78.11396336612565,0.036649709788844395,104.48549889943158,0
2026-01-01 11:56:00,71.8573969383636,0.019797002079730303,181.13104149156513,0
2026-01-01 11:57:00,112.34348263494391,0.013511475100811571,227.97605776162425,0
2026-01-01 11:58:00,93.68285712007639,0.03846873078788488,181.4833430043644,0
2026-01-01 11:59:00,81.59895493034807,0.017938924450421407,168.235638908078,0
2026-01-01 12:00:00,98.26877913538002,0.01341457506026631,114.9529221790657,0
2026-01-01 12:01:00,120.30433943228745,0.18484840162804977,195.82889429457677,0
2026-01-01 12:02:00,58.946718783305386,0.02891968745977409,203.14462881090657,0
2026-01-01 12:03:00,73.06050358174012,0.04777778878356155,117.63936253146149,0
2026-01-01 12:04:00,83.38804404588518,0.04842042622668169,219.70863570440267,0
2026-01-01 12:05:00,126.30121960096592,0.0067373481663203635,206.7993434062238,0
2026-01-01 12:06:00,105.08656569254734,0.0500112747890459,219.63105798915709,0
2026-01-01 12:07:00,113.81171032830208,0.0361535325832352,200.42337821416697,0
2026-01-01 12:08:00,79.47710345572784,0.09880255052468409,202.87889480839615,0
2026-01-01 12:09:00,79.84835424513054,0.03176826473016375,198.22523145456086,0
2026-01-01 12:10:00,108.0606469010088,0.0858803552484313,210.39653125254185,0
2026-01-01 12:11:00,101.04893795683803,0.015634044482343422,116.34347808066286,0
2026-01-01 12:12:00,109.87729873955428,0.03784152665424259,127.46291982324699,0
2026-01-01 12:13:00,96.62192216328786,0.014014403410146835,154.23972349335799,0
2026-01-01 12:14:00,105.00658707618328,0.05182875309701124,175.45629399146063,0
2026-01-01 12:15:00,102.84614352829196,0.012310394902555232,193.58479231578627,0
2026-01-01 12:16:00,113.99981300352866,0.004461263086194193,191.36385786300974,0
2026-01-01 12:17:00,114.52614907500048,0.015715785755640286,219.09870340096109,0
2026-01-01 12:18:00,70.84230410094814,0.055914094041290566,220.19733545031227,0
2026-01-01 12:19:00,59.5491660038646,0.02653845495299772,149.46652120971726,0
2026-01-01 12:20:00,118.03141715772713,0.007643763466884629,188.3501638517665,0
2026-01-01 12:21:00,121.37905167871486,0.04361246284512239,150.32589582973566,0
2026-01-01 12:22:00,81.62878564875993,0.04532182456826878,173.41135365762517,0
2026-01-01 12:23:00,66.52296268217869,0.01621407460668488,191.2626979166973,0
2026-01-01 12:24:00,101.78262677812961,0.03285646878365856,60.69507732349082,0
2026-01-01 12:25:00,116.75508807430953,0.027767835346612577,264.39354138738895,0
2026-01-01 12:26:00,132.35670140381768,0.03959284098546787,199.82430370891163,0
2026-01-01 12:27:00,109.29335629782612,0.029791915846811894,159.15038536053078,0
2026-01-01 12:28:00,93.30909946145749,0.023258126050495816,247.45794143305798,0
2026-01-01 12:29:00,83.92364881147248,0.007658650088878572,167.8399090329832,0
2026-01-01 12:30:00,100.20612325007178,0.017510054366234398,184.63817850398203,0
2026-01-01 12:31:00,94.61323533006538,0.007294135581420687,162.95094663608305,0
2026-01-01 12:32:00,81.72877769688131,0.010955490944700257,237.81971431051687,0
2026-01-01 12:33:00,136.87760171553916,0.01583858285204141,176.3255352792942,0
2026-01-01 12:34:00,132.13303123729835,0.037230719727413306,185.23194352588283,0
2026-01-01 12:35:00,120.44887630399771,0.028791518332345598,222.13237535589062,0
2026-01-01 12:36:00,83.4246928394357,0.061166097161780016,200.47988101113768,0
2026-01-01 12:37:00,115.39034783735102,0.04532884455362345,178.0978177203075,0
2026-01-01 12:38:00,111.51327537096223,0.05058879826131796,218.8636840325112,0
2026-01-01 12:39:00,107.96582123567295,0.016361148975146556,268.84691302997834,0
2026-01-01 12:40:00,122.49397480678799,0.013980455789772462,191.10936570797975,0
2026-01-01 12:41:00,111.43668057150299,0.027257239348388217,184.0866030755398,0
2026-01-01 12:42:00,113.32025625347804,0.013092855370400116,185.97194792666787,0
2026-01-01 12:43:00,111.46431310069978,0.01861940328452845,225.86503252910313,0
2026-01-01 12:44:00,106.13424534403791,0.029603455688599116,159.0280792738477,0
2026-01-01 12:45:00,67.8949996651447,0.014936770178423604,170.25888541009186,0
2026-01-01 12:46:00,101.50517939339004,0.1594470416533675,959.4919865625135,1
2026-01-01 12:47:00,89.98854474071575,0.44749689268932147,138.56462480760092,1
2026-01-01 12:48:00,76.96286276247963,0.042813987581433406,161.87699990557104,0
2026-01-01 12:49:00,130.27269914741484,0.015441479416371924,178.04220520788522,0
2026-01-01 12:50:00,131.12191613594266,0.08598995617775389,241.9179164019542,0
2026-01-01 12:51:00,124.465970805321,0.01956296535704268,198.75974817238284,0
2026-01-01 12:52:00,104.59384150340574,0.08519174758045972,148.0772521433572,0
2026-01-01 12:53:00,124.31125217714782,0.020166560030504654,154.52068301225597,0
2026-01-01 12:54:00,100.21695725083286,0.05039111273944403,228.1162039130729,0
2026-01-01 12:55:00,103.65035098416003,0.022655789555268126,219.43136220202172,0
2026-01-01 12:56:00,80.3175153316843,0.05216548729214037,180.9852468578471,0
2026-01-01 12:57:00,107.14584348097912,0.10443263100332524,164.51157370614087,0
2026-01-01 12:58:00,101.08694671163951,0.02948409811588452,219.37264924966252,0
2026-01-01 12:59:00,76.55226189697964,0.03118053312653974,145.23355056463598,0
2026-01-01 13:00:00,99.07845198730125,0.16207699564394207,193.7210639320133,0
2026-01-01 13:01:00,98.56486785057744,0.10590202200323236,259.5430646812666,0
2026-01-01 13:02:00,132.3561009996035,0.015074315962817197,187.187448878801,0
2026-01-01 13:03:00,116.09583991324138,0.059403536993104765,152.85366822584385,0
2026-01-01 13:04:00,100.20601790364638,0.006353273918910636,194.36290459350383,0
2026-01-01 13:05:00,104.4781715764195,0.00979754873813856,163.54969483446283,0
2026-01-01 13:06:00,100.79582280587556,0.06025688094043352,131.2059454686305,0
2026-01-01 13:07:00,96.34754827368015,0.018651929151322917,204.53626094052373,0
2026-01-01 13:08:00,80.51631044701084,0.014229458611827795,219.12420401924027,0
2026-01-01 13:09:00,97.28106620307527,0.13979329768975138,169.11826647745997,0
2026-01-01 13:10:00,86.57023138025475,0.016412670108558545,166.79675140663042,0
2026-01-01 13:11:00,77.49432029938336,0.07323672128635629,146.34521131073598,0
2026-01-01 13:12:00,109.20199266185563,0.01792410436201603,174.75225398363517,0
2026-01-01 13:13:00,107.04276387879823,0.05996758629898792,160.3171065976883,0
2026-01-01 13:14:00,67.83926479537459,0.1373446623425201,144.61385596538605,0
2026-01-01 13:15:00,97.79167652508771,0.06873184956407863,246.2259090639862,0
2026-01-01 13:16:00,117.92262494619862,0.04299238291847074,196.32724858623277,0
2026-01-01 13:17:00,119.06602730013378,0.0281006508826342,200.03382878102732,0
2026-01-01 13:18:00,118.4650631719343,0.08482701361393029,210.91898491263495,0
2026-01-01 13:19:00,100.70043772422628,0.23530335195364535,206.9862675865932,0
2026-01-01 13:20:00,84.78918409655527,0.05073877849654135,165.541151652115,0
2026-01-01 13:21:00,80.49342110755491,0.0907822371331208,189.53934180400137,0
2026-01-01 13:22:00,106.20288828550643,0.0786206385096797,170.58393305087688,0
2026-01-01 13:23:00,106.82704061857294,0.030157305842634353,195.3462268671831,0
2026-01-01 13:24:00,123.17196000889118,0.011184411085655386,191.95918100853575,0
2026-01-01 13:25:00,119.79963370615751,0.03808633555536055,166.60689086975293,0
2026-01-01 13:26:00,97.61988418243891,0.018140154614163833,133.47454469773703,0
2026-01-01 13:27:00,77.60429418050435,0.055308350745104796,185.11829699379277,0
2026-01-01 13:28:00,272.0453450393238,0.002618143459514785,172.85056792674453,1
2026-01-01 13:29:00,103.91016150658945,0.04510553554067331,113.83697133019346,0
2026-01-01 13:30:00,96.36250158299073,0.018910364994099867,197.76816191110512,0
2026-01-01 13:31:00,89.59790605460219,0.09526884687768798,213.78697392849713,0
2026-01-01 13:32:00,104.55192666945818,0.04257317618188283,268.49247663231324,0
2026-01-01 13:33:00,90.92876065460901,0.0635690240199172,166.30808738377686,0
2026-01-01 13:34:00,88.69481049294328,0.08007051161150315,161.14508362078263,0
2026-01-01 13:35:00,105.60615101746191,0.4109070771499805,141.17026393462655,1
2026-01-01 13:36:00,92.76413355767431,0.031103253573631476,187.30246672704524,0
2026-01-01 13:37:00,104.39387900161034,0.012909655691144448,187.08113631954242,0
2026-01-01 13:38:00,104.9176724113382,0.019528283305770628,151.60462828246378,0
2026-01-01 13:39:00,79.49027798035166,0.02394447134839729,173.87745412986558,0
2026-01-01 13:40:00,91.33765977042258,0.03149489701412913,110.74670165887251,0
2026-01-01 13:41:00,125.87998491849632,0.04107745826617913,212.42318617416362,0
2026-01-01 13:42:00,79.08256877078283,0.0340003184056641,153.02622591147417,0
2026-01-01 13:43:00,61.90021991853044,0.06259813638055416,178.78702770054574,0
2026-01-01 13:44:00,66.4867872416348,0.02033000569951145,130.06573025457772,0
2026-01-01 13:45:00,100.52397903838005,0.010119684439353994,159.61762401884494,0
2026-01-01 13:46:00,100.55651100458859,0.03903171500960197,170.21430962688655,0
2026-01-01 13:47:00,97.88300460234782,0.08876479660486017,179.60482035637094,0
2026-01-01 13:48:00,121.85541692071303,0.03699075680690685,196.7906380432879,0
2026-01-01 13:49:00,51.88898020414712,0.0017375803022302364,230.3676279220177,0
2026-01-01 13:50:00,107.12680973975482,0.02176556650788399,205.64488299692746,0
2026-01-01 13:51:00,128.10588763246432,0.047314598505550684,213.67575901011855,0
2026-01-01 13:52:00,79.69994623194916,0.041860365370328355,230.61364384800984,0
2026-01-01 13:53:00,93.16348278778189,0.06785055786453123,199.9397758532944,0
2026-01-01 13:54:00,86.44794548988483,0.04660102693033429,178.71524815333515,0
2026-01-01 13:55:00,83.90177117060449,0.0010730167658224606,215.31891671892694,0
2026-01-01 13:56:00,94.12728390958529,0.03750558915341864,217.55532500865797,0
2026-01-01 13:57:00,125.69473510632108,0.007905752317111932,202.69980432881124,0
2026-01-01 13:58:00,133.07296015877537,0.005492409907940832,129.0880341037364,0
2026-01-01 13:59:00,93.95309394927735,0.11295729843480666,150.54889464168733,0
2026-01-01 14:00:00,134.29108385316047,0.0606856802510195,170.38010635893306,0
2026-01-01 14:01:00,100.64037658572325,0.003996826331371561,207.28673572575647,0
2026-01-01 14:02:00,131.56643848061947,0.012159994021854368,179.2528753325304,0
2026-01-01 14:03:00,98.32062430623715,0.04094258818214535,219.7904021707697,0
2026-01-01 14:04:00,102.3590408688306,0.03495578915850558,226.03328200604983,0
2026-01-01 14:05:00,106.57854050757102,0.03302627090977933,221.97096640370222,0
2026-01-01 14:06:00,157.21936622861563,0.024681384592441624,222.19391975681003,0
2026-01-01 14:07:00,115.3231403472062,0.060562590105570524,143.70521333694487,0
2026-01-01 14:08:00,87.26923846087365,0.07699058492801894,196.89224248095215,0
2026-01-01 14:09:00,117.44196166496545,0.09758252893262354,158.73648356656042,0
2026-01-01 14:10:00,93.48701433248185,0.010635946532429696,122.28267840242805,0
2026-01-01 14:11:00,91.18449670777824,0.02758192401984748,169.93851037804575,0
2026-01-01 14:12:00,116.354824478058,0.048863282406462386,226.3657937969538,0
2026-01-01 14:13:00,100.55954057988075,0.05571570132101273,196.12597035414623,0
2026-01-01 14:14:00,105.0143664612125,0.01699045014589301,250.62332800620624,0
2026-01-01 14:15:00,297.8332868101143,0.012904918432674892,186.2030550843839,1
2026-01-01 14:16:00,106.05849627889782,0.03308818739414925,265.67309637575175,0
2026-01-01 14:17:00,107.64938615385068,0.024184196527346616,186.2132428930968,0
2026-01-01 14:18:00,65.13459521130252,0.16159194493247833,180.78681036538077,0
2026-01-01 14:19:00,111.9983080349716,0.03945538594800165,135.2213469227476,0
2026-01-01 14:20:00,82.32365044305459,0.016057671006788322,218.8696959102469,0
2026-01-01 14:21:00,74.0386155599306,0.027752380985472447,162.42562048708325,0
2026-01-01 14:22:00,98.94859761054371,0.013014113701132118,157.35333262069454,0
2026-01-01 14:23:00,101.51165805966018,0.0540643854863119,224.84306973169004,0
2026-01-01 14:24:00,87.51688903769895,0.045471458730564164,220.5377934078585,0
2026-01-01 14:25:00,114.95857343802354,0.044127536785196576,219.62179785237376,0
2026-01-01 14:26:00,75.84084700532367,0.010855539914536198,167.32331030807566,0
2026-01-01 14:27:00,92.67501252209394,0.014733029615068628,178.2158447143162,0
2026-01-01 14:28:00,89.47226557120598,0.009420963486093187,177.9050960806452,0
2026-01-01 14:29:00,99.16142913389189,0.016731578753683658,207.38813632353393,0
2026-01-01 14:30:00,105.0195571236503,0.04777351151696369,234.37476339729804,0
2026-01-01 14:31:00,81.8579269067762,0.009847092935043461,192.88512943194425,0
2026-01-01 14:32:00,113.0370881942121,0.03159284707296657,249.12118798750754,0
2026-01-01 14:33:00,101.1340426300246,0.06979906313320332,211.40180463115715,0
2026-01-01 14:34:00,65.94496744038561,0.0029303724232876247,171.78202120599536,0
2026-01-01 14:35:00,64.74535407285344,0.04216121444770333,209.00489921451413,0
2026-01-01 14:36:00,99.7782527272724,0.008222729595776152,239.70790975480708,0
2026-01-01 14:37:00,96.02258827984562,0.08763150318613067,249.9401144169467,0
2026-01-01 14:38:00,98.1384379556566,0.004887980163319948,221.54119706096782,0
2026-01-01 14:39:00,99.49631578245608,0.811246490850669,180.89860587802997,1
2026-01-01 14:40:00,104.06007711118325,0.04830698886260477,172.41573610804278,0
2026-01-01 14:41:00,117.0576929772694,0.03489080899181064,200.1624326246487,0
2026-01-01 14:42:00,80.00011178348396,0.03130716068056999,238.5891073344866,0
2026-01-01 14:43:00,78.9045113277857,0.012172219450362374,195.1819192775058,0
2026-01-01 14:44:00,80.32017055802712,0.038890973973510566,195.90861551540837,0
2026-01-01 14:45:00,105.20050000903673,0.05208921259853569,181.79892490109822,0
2026-01-01 14:46:00,122.40905281563602,0.08418687588723527,168.52381280790758,0
2026-01-01 14:47:00,92.23589011168882,0.06340831608517819,174.32529226746288,0
2026-01-01 14:48:00,54.96940280512622,0.02817985588994815,184.73990948359355,0
2026-01-01 14:49:00,69.32812847301324,0.08341006937537297,240.13349986839378,0
2026-01-01 14:50:00,85.0053389896718,0.021691790367595627,171.61001775142194,0
2026-01-01 14:51:00,89.96088002508614,0.038924274448951704,181.84142265689832,0
2026-01-01 14:52:00,92.64900470941492,0.06589127740366342,149.7117818857722,0
2026-01-01 14:53:00,100.69446021365651,0.02156881397814102,205.08208732656044,0
2026-01-01 14:54:00,94.38856604519596,0.023276255653679613,227.83377125513988,0
2026-01-01 14:55:00,118.88811298978133,0.06095770517015233,236.85742460848644,0
2026-01-01 14:56:00,87.83168849773536,0.11708010173195962,187.11775836434987,0
2026-01-01 14:57:00,84.47827672944022,0.049855357442035654,200.10239991477323,0
2026-01-01 14:58:00,108.61975969336831,0.09051960550389904,174.62573872404866,0
2026-01-01 14:59:00,72.35844274132985,0.13712538743194858,198.4806537893083,0
2026-01-01 15:00:00,107.01445069576005,0.12173498656618421,190.98878033747252,0
2026-01-01 15:01:00,101.84595730707281,0.05305119298683105,182.03925355380207,0
2026-01-01 15:02:00,97.34603518147298,0.059473760042239456,184.82137922969955,0
2026-01-01 15:03:00,128.5889699286867,0.07186149967552129,195.8172799187777,0
2026-01-01 15:04:00,88.80026598469507,0.005687396560322445,169.70466478040524,0
2026-01-01 15:05:00,137.0853670694334,0.009994628078498156,171.51261227726883,0
2026-01-01 15:06:00,95.94223391389421,0.019722539463301193,239.75767047850437,0
2026-01-01 15:07:00,77.0137039905359,0.03683036127693631,274.8691369096234,0
2026-01-01 15:08:00,101.25855245790686,0.015379187085935084,137.84715680130847,0
2026-01-01 15:09:00,80.62758639426218,0.07492427928480845,135.91850784683794,0
2026-01-01 15:10:00,86.468394739357,0.029822865680193034,146.49965102671476,0
2026-01-01 15:11:00,107.14659940027884,0.012562605160453842,176.38490547365058,0
2026-01-01 15:12:00,110.00047759570225,0.013894952111844617,211.35231788630398,0
2026-01-01 15:13:00,88.80098139542335,0.06936524027449369,200.69385297168952,0
2026-01-01 15:14:00,117.77329261083521,0.027087053832012622,186.02108978731638,0
2026-01-01 15:15:00,120.8351396443804,0.03875199100204413,198.51274414352645,0
2026-01-01 15:16:00,125.85343161813924,0.00918239502829983,155.77698451800705,0
2026-01-01 15:17:00,109.529441328263,0.01945282925275878,171.45570298865835,0
2026-01-01 15:18:00,124.54171681754258,0.007608832624821517,179.29669080684712,0
2026-01-01 15:19:00,66.14562829646695,0.07211843826628447,124.55242813948516,0
2026-01-01 15:20:00,94.27768212468767,0.025955762148088687,139.35414283470914,0
2026-01-01 15:21:00,84.39390538617833,0.06531427893996997,140.74518785528193,0
2026-01-01 15:22:00,102.14606550029306,0.00254506109093092,206.7437878289321,0
2026-01-01 15:23:00,89.71391405445873,0.05295222448997803,188.58742320003458,0
2026-01-01 15:24:00,97.00915884490482,0.039035581039956295,201.387142002588,0
2026-01-01 15:25:00,133.87914784367288,0.015808394403053684,115.61207535691375,0
2026-01-01 15:26:00,96.94504366443319,0.06723926163634437,128.07516598819387,0
2026-01-01 15:27:00,107.44826170942385,0.02986484277713219,203.21254040897733,0
2026-01-01 15:28:00,95.81915206136377,0.022758176074803342,82.74656254168822,0
2026-01-01 15:29:00,101.362839183223,0.019875880632755673,222.86202751599316,0
2026-01-01 15:30:00,100.10830024784929,0.025608284599371263,116.18389997670235,0
2026-01-01 15:31:00,108.06983318751688,0.06455369287567625,209.51707121737425,0
2026-01-01 15:32:00,120.97553563984918,0.030526925947126315,148.8995381335063,0
2026-01-01 15:33:00,129.65309195685992,0.0703941250333272,216.7116300310054,0
2026-01-01 15:34:00,105.57316147436501,0.05922317989053415,292.2856319870773,0
2026-01-01 15:35:00,110.61184394864084,0.10874183984255484,100.43878294576061,0
2026-01-01 15:36:00,79.2844388346598,0.01086095904208658,204.3382001751227,0
2026-01-01 15:37:00,382.2044651954901,0.03478612298210537,116.7143050242191,1
2026-01-01 15:38:00,116.9252103679046,0.014507850093669544,194.93691227761263,0
2026-01-01 15:39:00,115.58743549150876,0.029056788726187062,172.76297427568372,0
2026-01-01 15:40:00,103.8089751903109,0.04930446537139906,184.54238128616453,0
2026-01-01 15:41:00,115.95509127222314,0.007070880715420501,148.0909803285117,0
2026-01-01 15:42:00,108.83380076188874,0.07721389809573223,207.3189388323775,0
2026-01-01 15:43:00,121.60551264866778,0.004689106376326142,129.30747567103666,0
2026-01-01 15:44:00,105.208464825228,0.08971532404285584,223.4573042014559,0
2026-01-01 15:45:00,93.59743031972138,0.03460253099932912,165.6762392686436,0
2026-01-01 15:46:00,106.04514262479442,0.06771455332305726,130.90582629089187,0
2026-01-01 15:47:00,47.249301234650034,0.04596392128405548,235.82278881692443,0
2026-01-01 15:48:00,106.8919432549309,0.015197603714839832,177.64300715167965,0
2026-01-01 15:49:00,34.3285691461339,0.018312698679036263,246.76725896547092,0
2026-01-01 15:50:00,68.97765866670247,0.031148122262869102,222.74746452596696,0
2026-01-01 15:51:00,108.13183481693771,0.10759701927994739,152.06490033247476,0
2026-01-01 15:52:00,108.59552807080232,0.016260718087185006,177.02535696721378,0
2026-01-01 15:53:00,79.07628195748126,0.426121539458911,184.2363278882251,1
2026-01-01 15:54:00,87.1821632461791,0.10357263213172342,233.42061199952536,0
2026-01-01 15:55:00,124.66973779505437,0.012987053388932192,195.31311996784902,0
2026-01-01 15:56:00,91.28745763169184,0.0014929390164086962,186.17024173837606,0
2026-01-01 15:57:00,140.37256562325373,0.04973827459590171,173.00421445155922,0
2026-01-01 15:58:00,99.96544264282576,0.02708346934594475,178.23050374508765,0
2026-01-01 15:59:00,357.0529785442369,0.01612124873333452,225.66072299874136,1
2026-01-01 16:00:00,129.10373917297494,0.13144877968349822,180.12968727791161,0
2026-01-01 16:01:00,102.35848809148155,0.006018116198863257,166.1750955045639,0
2026-01-01 16:02:00,81.95780834756557,0.003920448083390956,160.24224920352097,0
2026-01-01 16:03:00,98.02490586950277,0.015168701662385667,160.61821961573432,0
2026-01-01 16:04:00,99.35900674857837,0.16055185164321095,130.92664013850322,0
2026-01-01 16:05:00,75.43465026037182,0.007931322691292916,153.73686420857322,0
2026-01-01 16:06:00,95.39502271586518,0.7079872594780166,232.4447096477613,1
2026-01-01 16:07:00,86.64054230804614,0.021220774468311002,172.76902588013763,0
2026-01-01 16:08:00,116.6384396293738,0.045360415678984904,204.65440839946345,0
2026-01-01 16:09:00,100.6230137353346,0.025366205758856068,93.2435218734708,0
2026-01-01 16:10:00,94.90967651534373,0.011096865530268448,199.89089581380577,0
2026-01-01 16:11:00,98.08872524879362,0.05105457287774372,174.35265534708103,0
2026-01-01 16:12:00,104.016196331311,0.023990374572376526,1024.945513050531,1
2026-01-01 16:13:00,111.10265559441604,0.06584268121644482,186.3335985097396,0
2026-01-01 16:14:00,82.00517988395114,0.013759458427389916,162.64611611657904,0
2026-01-01 16:15:00,81.25142261281711,0.10530946838835631,105.66437780390754,0
2026-01-01 16:16:00,119.88422587724554,0.04376822879549959,212.2786779410178,0
2026-01-01 16:17:00,92.57793630031485,0.048676544196900706,188.50561464718675,0
2026-01-01 16:18:00,74.49684233325627,0.06338526644416925,169.0120140838252,0
2026-01-01 16:19:00,107.98862876889588,0.0431943595531567,146.1835119774647,0
2026-01-01 16:20:00,108.34065650858837,0.021556911682396773,128.55498693625026,0
2026-01-01 16:21:00,72.44712536937928,0.05378837706065361,187.836244747382,0
2026-01-01 16:22:00,104.13067087834492,0.5582504999780113,236.47043360788757,1
2026-01-01 16:23:00,113.24049566371073,0.08950583135289295,187.11082668593633,0
2026-01-01 16:24:00,106.73895613071274,0.07720188388780351,131.60334378675108,0
2026-01-01 16:25:00,111.37566670770511,0.0749895054942518,187.87908544634408,0
2026-01-01 16:26:00,74.72315623436651,0.05951244141033377,178.13299632136452,0
2026-01-01 16:27:00,105.95872278993153,0.04511631748455317,210.24152691259806,0
2026-01-01 16:28:00,94.55284432953196,0.023205654735583434,201.23566120941044,0
2026-01-01 16:29:00,91.30977714295639,0.023552842501342607,75.49621130615267,0
2026-01-01 16:30:00,115.67000096955508,0.02060655106900366,199.083477154996,0
2026-01-01 16:31:00,126.62694119213614,0.06950120368582671,144.87822066735708,0
2026-01-01 16:32:00,132.29866098280647,0.00453995066042932,130.23949404929553,0
2026-01-01 16:33:00,123.66654168710629,0.049008014350466665,173.40343063692526,0
2026-01-01 16:34:00,98.02478473065669,0.005142946028347897,194.38398881605042,0
2026-01-01 16:35:00,106.34896293447417,0.04926770251171668,122.57428863996114,0
2026-01-01 16:36:00,113.80281169211639,0.5814112871518214,204.6601745970143,1
2026-01-01 16:37:00,102.18120308739032,0.015406950729223446,206.716859663606,0
2026-01-01 16:38:00,102.3537553824078,0.012238207841783675,181.64416687048242,0
2026-01-01 16:39:00,114.82755637377127,0.006014497191027978,149.6331729420533,0
